photoid	author	title	license	license_url	source	taken
6346396819	believekevin	teargas_kitchen	Attribution License	http://creativecommons.org/licenses/by/2.0/	http://www.flickr.com/videos/63313714@N00/6346396819/	2011-11-15
6310970027	mk30	oakland general strike // occupy oakland	Attribution-NonCommercial-ShareAlike License	http://creativecommons.org/licenses/by-nc-sa/2.0/	http://www.flickr.com/videos/24628719@N00/6310970027/	2011-11-03
6245395040	jc_nyc	00000	Attribution-NonCommercial-ShareAlike License	http://creativecommons.org/licenses/by-nc-sa/2.0/	http://www.flickr.com/videos/14087142@N03/6245395040/	2011-10-14
6244952943	jc_nyc	00002	Attribution-NonCommercial-ShareAlike License	http://creativecommons.org/licenses/by-nc-sa/2.0/	http://www.flickr.com/videos/14087142@N03/6244952943/	2011-10-14
6232956397	Francesco Fiondella	DSCF3885	Attribution License	http://creativecommons.org/licenses/by/2.0/	http://www.flickr.com/videos/75712960@N00/6232956397/	2011-10-10
7015855399	Sign0fH0pe	#OccupyWallStreet - #Nov15 	Attribution-NonCommercial-ShareAlike License	http://creativecommons.org/licenses/by-nc-sa/2.0/	http://www.flickr.com/videos/67637438@N07/7015855399/	2012-03-25
6246401595	Seth Tisue		Attribution-ShareAlike License	http://creativecommons.org/licenses/by-sa/2.0/	http://www.flickr.com/videos/79107734@N00/6246401595/	2011-10-08
6366911837	milfodd	05 March - 745am	Attribution-NonCommercial License	http://creativecommons.org/licenses/by-nc/2.0/	http://www.flickr.com/videos/48294017@N00/6366911837/	2011-11-19
6349408051	beelaineo	skywatch	Attribution-NonCommercial License	http://creativecommons.org/licenses/by-nc/2.0/	http://www.flickr.com/videos/95253224@N00/6349408051/	2011-11-16
7020043399	calvinfleming	Trayvon Martin Protest LA: What Do We Want - Justice Chant	Attribution-NonCommercial-ShareAlike License	http://creativecommons.org/licenses/by-nc-sa/2.0/	http://www.flickr.com/videos/91588061@N00/7020043399/	2012-03-26
5459685842	_kristy_	Saturday Capitol Protest - March Around the Capitol Video	Attribution-NonCommercial-ShareAlike License	http://creativecommons.org/licenses/by-nc-sa/2.0/	http://www.flickr.com/videos/79832321@N00/5459685842/	2011-02-19
5524734267	_kristy_	Saturday March 12 Capitol Protest-1	Attribution-NonCommercial-ShareAlike License	http://creativecommons.org/licenses/by-nc-sa/2.0/	http://www.flickr.com/videos/79832321@N00/5524734267/	2011-03-13
4578194188	garycycles3	red shirt crowd	Attribution License	http://creativecommons.org/licenses/by/2.0/	http://www.flickr.com/videos/30994070@N04/4578194188/	2010-05-04
3014603165	megpi	prop 8 protest	Attribution-NonCommercial-ShareAlike License	http://creativecommons.org/licenses/by-nc-sa/2.0/	http://www.flickr.com/videos/35468154678@N01/3014603165/	2008-11-09
5562109516	SlipStreamJC	first sight of riot police	Attribution-NonCommercial License	http://creativecommons.org/licenses/by-nc/2.0/	http://www.flickr.com/videos/53297933@N00/5562109516/	2011-03-26
2824642815	bryankennedy	Riot police fashion show	Attribution-NonCommercial License	http://creativecommons.org/licenses/by-nc/2.0/	http://www.flickr.com/videos/48600071898@N01/2824642815/	2008-09-03
3948950927	International Information Program (IIP)	G20 Late Night Protesters II	Attribution-ShareAlike License	http://creativecommons.org/licenses/by-sa/2.0/	http://www.flickr.com/videos/30353465@N07/3948950927/	2009-09-23
3949695194	International Information Program (IIP)	G20 Late Night Protesters vs. Riot Police	Attribution-ShareAlike License	http://creativecommons.org/licenses/by-sa/2.0/	http://www.flickr.com/videos/30353465@N07/3949695194/	2009-09-23
4777752861	spotreporting	Citizens Breaking the Police Line	Attribution-ShareAlike License	http://creativecommons.org/licenses/by-sa/2.0/	http://www.flickr.com/videos/29792566@N08/4777752861/	2010-07-09
3182090365	Tilemahos Efthimiadis	Riot police transports arrested teens via the metro system	Attribution License	http://creativecommons.org/licenses/by/2.0/	http://www.flickr.com/videos/64379474@N00/3182090365/	2009-01-09
4405279512	Lars Plougmann	Moving on up	Attribution-ShareAlike License	http://creativecommons.org/licenses/by-sa/2.0/	http://www.flickr.com/videos/75062596@N00/4405279512/	2010-03-02
4179439574	cactusbones	LondonsCrushHour_02_escalator	Attribution-NonCommercial-ShareAlike License	http://creativecommons.org/licenses/by-nc-sa/2.0/	http://www.flickr.com/videos/38794219@N00/4179439574/	2009-12-12
5223439872	jeremy.french	Snow and angry commuters	Attribution License	http://creativecommons.org/licenses/by/2.0/	http://www.flickr.com/videos/69364967@N00/5223439872/	2010-12-01
4068988572	Lisa Padilla	good news, any minute?! poor commuters	Attribution License	http://creativecommons.org/licenses/by/2.0/	http://www.flickr.com/videos/43885961@N00/4068988572/	2009-11-02
4362591336	brownpau	#WMATA Foggy Bottom Metro Escalator Fail Again	Attribution License	http://creativecommons.org/licenses/by/2.0/	http://www.flickr.com/videos/44124483743@N01/4362591336/	2010-02-16
5278933106	ben barker	escalator	Attribution License	http://creativecommons.org/licenses/by/2.0/	http://www.flickr.com/videos/22415346@N06/5278933106/	2010-12-20
2624792535	Route79	Dodging commuters at Paddington	Attribution-NonCommercial-ShareAlike License	http://creativecommons.org/licenses/by-nc-sa/2.0/	http://www.flickr.com/videos/31956880@N00/2624792535/	2008-06-30
5307652950	andyaldridge	Starlings flocking around the pier (video)	Attribution-NonCommercial-ShareAlike License	http://creativecommons.org/licenses/by-nc-sa/2.0/	http://www.flickr.com/videos/78462059@N00/5307652950/	2010-12-30
8353732587	mdavidford	Murmuration 4	Attribution-NonCommercial-ShareAlike License	http://creativecommons.org/licenses/by-nc-sa/2.0/	http://www.flickr.com/videos/42383671@N00/8353732587/	2011-03-03
8353736337	mdavidford	Murmuration 3	Attribution-NonCommercial-ShareAlike License	http://creativecommons.org/licenses/by-nc-sa/2.0/	http://www.flickr.com/videos/42383671@N00/8353736337/	2011-03-03
3263941303	Bob Comics	Starlings	Attribution-NonCommercial-ShareAlike License	http://creativecommons.org/licenses/by-nc-sa/2.0/	http://www.flickr.com/videos/8424687@N08/3263941303/	2009-02-08
6212557936	ted littledale	Starlings near Kings Cross	Attribution-NonCommercial License	http://creativecommons.org/licenses/by-nc/2.0/	http://www.flickr.com/videos/28866551@N00/6212557936/	2011-10-04
12546612644	Jagrap	Watching TV	Attribution-NonCommercial License	http://creativecommons.org/licenses/by-nc/2.0/	http://www.flickr.com/videos/22925214@N04/12546612644/	2014-02-15
6935544913	nekosoft	Chomping and Watching TV	Attribution-NonCommercial-ShareAlike License	http://creativecommons.org/licenses/by-nc-sa/2.0/	http://www.flickr.com/videos/43189807@N00/6935544913/	2012-02-27
5195909261	surlygirl	Watching TV - video	Attribution License	http://creativecommons.org/licenses/by/2.0/	http://www.flickr.com/videos/65903766@N00/5195909261/	2010-11-21
5210365830	scriptingnews	Watching TV on my iPad	Attribution-ShareAlike License	http://creativecommons.org/licenses/by-sa/2.0/	http://www.flickr.com/videos/22221172@N00/5210365830/	2010-11-26
4291884957	Arvid	annoying! sound is not sync which watching TV an unpleasant experience :(	Attribution-NonCommercial-ShareAlike License	http://creativecommons.org/licenses/by-nc-sa/2.0/	http://www.flickr.com/videos/85212830@N00/4291884957/	2010-01-20
9473414609	ewwhite	Beep-beep-boop!!!	Attribution-NonCommercial License	http://creativecommons.org/licenses/by-nc/2.0/	http://www.flickr.com/videos/18775412@N00/9473414609/	2013-08-09
4367522800	phrenologist	Infiniband Cluster decabling 2	Attribution-NonCommercial License	http://creativecommons.org/licenses/by-nc/2.0/	http://www.flickr.com/videos/51035766041@N01/4367522800/	2010-02-18
2400616314	habi	a lot of servers	Attribution-NonCommercial License	http://creativecommons.org/licenses/by-nc/2.0/	http://www.flickr.com/videos/79112147@N00/2400616314/	2008-04-09
5486920308	stilldavid	Blinkies	Attribution-NonCommercial License	http://creativecommons.org/licenses/by-nc/2.0/	http://www.flickr.com/videos/84935701@N00/5486920308/	2011-02-28
2832638583	Alberto..	MOV00018	Attribution License	http://creativecommons.org/licenses/by/2.0/	http://www.flickr.com/videos/22126759@N00/2832638583/	2008-09-06
6455164539	jimjarmo	"George (4) ""stress tests"" humanoid robot"	Attribution-ShareAlike License	http://creativecommons.org/licenses/by-sa/2.0/	http://www.flickr.com/videos/10846528@N05/6455164539/	2011-12-04
3420398271	Antonis Lamnatos	ASIMO	Attribution License	http://creativecommons.org/licenses/by/2.0/	http://www.flickr.com/videos/8944205@N02/3420398271/	2009-04-07
5002819235	Daniel Incandela	ASIMO dances	Attribution-NonCommercial License	http://creativecommons.org/licenses/by-nc/2.0/	http://www.flickr.com/videos/50378660@N00/5002819235/	2010-09-18
2438589072	AndreasSchepers	Dancing Humanoid Robot HRP-2 Promet	Attribution-NonCommercial-ShareAlike License	http://creativecommons.org/licenses/by-nc-sa/2.0/	http://www.flickr.com/videos/11327011@N00/2438589072/	2008-04-24
5915407619	chasingfun	STS-135: The final space shuttle launch	Attribution-NonCommercial-ShareAlike License	http://creativecommons.org/licenses/by-nc-sa/2.0/	http://www.flickr.com/videos/82744666@N00/5915407619/	2011-07-08
3526545385	Matthew Simantov	STS-125 Space Shuttle Atlantis launch	Attribution License	http://creativecommons.org/licenses/by/2.0/	http://www.flickr.com/videos/35240734@N05/3526545385/	2009-05-12
4340515506	Matthew Simantov	Space shuttle Endeavour STS-130 launch	Attribution License	http://creativecommons.org/licenses/by/2.0/	http://www.flickr.com/videos/35240734@N05/4340515506/	2010-02-08
5500290229	dsyzdek	NASA Tweetup Shuttle Launch Experience 1	Attribution License	http://creativecommons.org/licenses/by/2.0/	http://www.flickr.com/videos/50348856@N00/5500290229/	2011-02-25
12954705905	giftedstudieswku	Rocket Launch	Attribution-NonCommercial License	http://creativecommons.org/licenses/by-nc/2.0/	http://www.flickr.com/videos/39381423@N07/12954705905/	2014-03-05
4620561988	the real Kam75	Hill Road House Fire	Attribution-ShareAlike License	http://creativecommons.org/licenses/by-sa/2.0/	http://www.flickr.com/videos/17739066@N00/4620561988/	2010-05-18
3540395513	dvs	House Fire-The Movie	Attribution License	http://creativecommons.org/licenses/by/2.0/	http://www.flickr.com/videos/46207792@N00/3540395513/	2009-05-17
6766537533	taylorandayumi	Forest fire	Attribution License	http://creativecommons.org/licenses/by/2.0/	http://www.flickr.com/videos/25921029@N05/6766537533/	2012-01-26
3365526041	Mika Marttila	Fire	Attribution-NonCommercial-ShareAlike License	http://creativecommons.org/licenses/by-nc-sa/2.0/	http://www.flickr.com/videos/11320210@N02/3365526041/	2009-03-18
4056113437	Steven Hale Photography	Fire It Up!	Attribution License	http://creativecommons.org/licenses/by/2.0/	http://www.flickr.com/videos/29522287@N06/4056113437/	2009-10-29
6089783399	Edwin Martinez1	Hurricane Irene aftermath Bronx 071	Attribution License	http://creativecommons.org/licenses/by/2.0/	http://www.flickr.com/videos/22705753@N06/6089783399/	2011-08-28
6090361718	Edwin Martinez1	Hurricane Irene aftermath Bronx 089	Attribution License	http://creativecommons.org/licenses/by/2.0/	http://www.flickr.com/videos/22705753@N06/6090361718/	2011-08-28
6088786258	pacocco	Hurricane Irene from my window (video)	Attribution License	http://creativecommons.org/licenses/by/2.0/	http://www.flickr.com/videos/24613895@N05/6088786258/	2011-08-28
5730974711	Elvert Barnes	23rdCandleVigil1.WDC.13May2011	Attribution-ShareAlike License	http://creativecommons.org/licenses/by-sa/2.0/	http://www.flickr.com/videos/95413346@N00/5730974711/	2011-05-17
4180720827	The World Wants a Real Deal	DSCF0449.AVI	Attribution-NonCommercial-ShareAlike License	http://creativecommons.org/licenses/by-nc-sa/2.0/	http://www.flickr.com/videos/45290485@N08/4180720827/	2009-12-13
3248422425	GetHiroshima	Flower Candle Message	Attribution-NonCommercial License	http://creativecommons.org/licenses/by-nc/2.0/	http://www.flickr.com/videos/88854460@N00/3248422425/	2009-02-02
2746906825	mirabile dictu~ a22422441的flickr	0807Candle4Tibet, Taipei, Taiwan	Attribution-NonCommercial-ShareAlike License	http://creativecommons.org/licenses/by-nc-sa/2.0/	http://www.flickr.com/videos/10960912@N03/2746906825/	2008-08-09
3593873307	Prince Roy	烈士们永垂不朽	Attribution License	http://creativecommons.org/licenses/by/2.0/	http://www.flickr.com/videos/17352537@N00/3593873307/	2009-06-03
8669531576	K Comandich	Pingxsi Lantern Festival, New Year in Taiwan	Attribution-ShareAlike License	http://creativecommons.org/licenses/by-sa/2.0/	http://www.flickr.com/videos/22671828@N00/8669531576/	2012-02-06
4412981751	falcon_mohyan	天燈 SKY LANTERN FESTIVAL	Attribution-NonCommercial-ShareAlike License	http://creativecommons.org/licenses/by-nc-sa/2.0/	http://www.flickr.com/videos/32881063@N07/4412981751/	2010-03-07
12742763385	Andrea Schaffer	NYE, Chiang Mai	Attribution License	http://creativecommons.org/licenses/by/2.0/	http://www.flickr.com/videos/49021451@N00/12742763385/	2014-02-24
3524650222	das farbamt	Helene laughing	Attribution-ShareAlike License	http://creativecommons.org/licenses/by-sa/2.0/	http://www.flickr.com/videos/23766028@N00/3524650222/	2009-05-12
9276370767	EtanSivad	Jonas Pure Joy	Attribution-ShareAlike License	http://creativecommons.org/licenses/by-sa/2.0/	http://www.flickr.com/videos/15333658@N00/9276370767/	2013-07-13
2654317769	nertzy	Burmese kids running around	Attribution-ShareAlike License	http://creativecommons.org/licenses/by-sa/2.0/	http://www.flickr.com/videos/35948261@N00/2654317769/	2008-07-10
3741622921	iz.mendoza	Chenonceau maze (video)	Attribution-NonCommercial-ShareAlike License	http://creativecommons.org/licenses/by-nc-sa/2.0/	http://www.flickr.com/videos/57749161@N00/3741622921/	2009-07-21
5840994653	John Biehler	Sea Otters holding hands	Attribution-NonCommercial-ShareAlike License	http://creativecommons.org/licenses/by-nc-sa/2.0/	http://www.flickr.com/videos/69295994@N00/5840994653/	2011-06-16
5314533385	Little Cherub	12:18 A singing to L holding hands	Attribution-ShareAlike License	http://creativecommons.org/licenses/by-sa/2.0/	http://www.flickr.com/videos/29052598@N04/5314533385/	2011-01-01
3576901599	skoller	Cousins holding hands	Attribution-NonCommercial License	http://creativecommons.org/licenses/by-nc/2.0/	http://www.flickr.com/videos/43652482@N00/3576901599/	2009-05-29
8214866621	jasoneppink	election spectacle	Attribution License	http://creativecommons.org/licenses/by/2.0/	http://www.flickr.com/videos/38102495@N00/8214866621/	2012-11-06
2471996931	Sweet One	Times Square at Night	Attribution-ShareAlike License	http://creativecommons.org/licenses/by-sa/2.0/	http://www.flickr.com/videos/84987970@N00/2471996931/	2007-11-18
6268503929	RooksJeff	Weird musical billboards that drive around the city	Attribution-NonCommercial-ShareAlike License	http://creativecommons.org/licenses/by-nc-sa/2.0/	http://www.flickr.com/videos/43090416@N08/6268503929/	2011-10-22
5199658997	rsepulveda	London Nov'10: animated billboards have arrived	Attribution-NonCommercial-ShareAlike License	http://creativecommons.org/licenses/by-nc-sa/2.0/	http://www.flickr.com/videos/45631076@N00/5199658997/	2010-11-22
7173839884	hey skinny	Las Vegas Strip tilt-shift	Attribution-NonCommercial License	http://creativecommons.org/licenses/by-nc/2.0/	http://www.flickr.com/videos/70849827@N00/7173839884/	2012-05-10
3063634893	Sarah&Boston	Driving down Tropicana towards the Las Vegas Strip in the Rain	Attribution-ShareAlike License	http://creativecommons.org/licenses/by-sa/2.0/	http://www.flickr.com/videos/96841989@N00/3063634893/	2008-11-27
3387808333	kurge	Gated Community part 1	Attribution-NonCommercial License	http://creativecommons.org/licenses/by-nc/2.0/	http://www.flickr.com/videos/76409098@N00/3387808333/	2009-03-26
8644875894	d4|\|yL0	New York City - Americanate: Hummer in stile Limousine	Attribution-NonCommercial-ShareAlike License	http://creativecommons.org/licenses/by-nc-sa/2.0/	http://www.flickr.com/videos/85912500@N00/8644875894/	2013-04-13
9654010649	rapidtravelchai	Victory Day Military Parade 27 June 2013 video 01	Attribution License	http://creativecommons.org/licenses/by/2.0/	http://www.flickr.com/videos/65638600@N05/9654010649/	2013-09-02
9654015815	rapidtravelchai	Victory Day Military Parade 27 June 2013 video 03	Attribution License	http://creativecommons.org/licenses/by/2.0/	http://www.flickr.com/videos/65638600@N05/9654015815/	2013-09-02
9654018151	rapidtravelchai	Victory Day Military Parade 27 June 2013 video 05	Attribution License	http://creativecommons.org/licenses/by/2.0/	http://www.flickr.com/videos/65638600@N05/9654018151/	2013-09-02
9657258526	rapidtravelchai	Victory Day Military Parade 27 June 2013 video 06	Attribution License	http://creativecommons.org/licenses/by/2.0/	http://www.flickr.com/videos/65638600@N05/9657258526/	2013-09-02
5120967491	Dan Harrelson	Fighter jets buzzing Sunnyvale	Attribution License	http://creativecommons.org/licenses/by/2.0/	http://www.flickr.com/videos/12078789@N00/5120967491/	2010-10-27
2659993604	D.C.Atty	Secure at the Penny	Attribution License	http://creativecommons.org/licenses/by/2.0/	http://www.flickr.com/videos/22939124@N08/2659993604/	2008-07-11
7921677858	jasoneppink	adjusting the security camera	Attribution License	http://creativecommons.org/licenses/by/2.0/	http://www.flickr.com/videos/38102495@N00/7921677858/	2012-08-10
10713646755	inthecityof	Rally Against Mass Surveillance, Washington DC, 10/26	Attribution License	http://creativecommons.org/licenses/by/2.0/	http://www.flickr.com/videos/63636068@N00/10713646755/	2013-11-06
10713728774	inthecityof	Rally Against Mass Surveillance, Washington DC, 10/26	Attribution License	http://creativecommons.org/licenses/by/2.0/	http://www.flickr.com/videos/63636068@N00/10713728774/	2013-11-06
8551365486	jasoneppink	pollution	Attribution License	http://creativecommons.org/licenses/by/2.0/	http://www.flickr.com/videos/38102495@N00/8551365486/	2013-01-16
2617708569	Nick Busse	Smokestack go boom.	Attribution-NonCommercial-ShareAlike License	http://creativecommons.org/licenses/by-nc-sa/2.0/	http://www.flickr.com/videos/23492834@N05/2617708569/	2008-06-28
2445595572	David.R.Carroll	Cloud Parade over Smokestack 1	Attribution License	http://creativecommons.org/licenses/by/2.0/	http://www.flickr.com/videos/22925961@N07/2445595572/	2008-04-27
3761192430	PSHiker	Lake Powell Glen Dam Power Plant	Attribution-NonCommercial-ShareAlike License	http://creativecommons.org/licenses/by-nc-sa/2.0/	http://www.flickr.com/videos/54378894@N00/3761192430/	2009-07-26
5185793592	Sierra Club - GA	Staggering pollution amounts	Attribution-ShareAlike License	http://creativecommons.org/licenses/by-sa/2.0/	http://www.flickr.com/videos/80538436@N00/5185793592/	2010-11-17
8212778882	People's Open Graphics	Walmart fired Santa	Attribution-NonCommercial-ShareAlike License	http://creativecommons.org/licenses/by-nc-sa/2.0/	http://www.flickr.com/videos/59311579@N07/8212778882/	2012-11-23
7374162260	spannar00ni	fish tank in a shopping mall!	Attribution License	http://creativecommons.org/licenses/by/2.0/	http://www.flickr.com/videos/98675081@N00/7374162260/	2012-06-15
6447898063	brentonmac12	Nicole shoots the .45 Black Friday 2011	Attribution License	http://creativecommons.org/licenses/by/2.0/	http://www.flickr.com/videos/21544428@N04/6447898063/	2011-11-25
5058934269	BrianLockwood	mile long shopping mall	Attribution-NonCommercial-ShareAlike License	http://creativecommons.org/licenses/by-nc-sa/2.0/	http://www.flickr.com/videos/30227459@N03/5058934269/	2010-10-07
4698724639	jencu	"""want ice creams from mcdonalds"""	Attribution License	http://creativecommons.org/licenses/by/2.0/	http://www.flickr.com/videos/10581108@N00/4698724639/	2010-06-14
4816384100	dailylifeofmojo	The Sweetest Assembly Line	Attribution License	http://creativecommons.org/licenses/by/2.0/	http://www.flickr.com/videos/24652987@N02/4816384100/	2010-07-21
4935564061	chuckoutrearseats	IMAG0123	Attribution-ShareAlike License	http://creativecommons.org/licenses/by-sa/2.0/	http://www.flickr.com/videos/48625620@N00/4935564061/	2010-08-28
4774772120	Color uNd ClimaX	Motor City car assembly line	Attribution-NonCommercial-ShareAlike License	http://creativecommons.org/licenses/by-nc-sa/2.0/	http://www.flickr.com/videos/36446013@N05/4774772120/	2010-07-08
8546876695	dcmaster	Factory workers start the Day Shenzhen China	Attribution-NonCommercial-ShareAlike License	http://creativecommons.org/licenses/by-nc-sa/2.0/	http://www.flickr.com/videos/76224602@N00/8546876695/	2013-03-10
4940777372	kimberlykv	Margerie Glacier Calving	Attribution License	http://creativecommons.org/licenses/by/2.0/	http://www.flickr.com/videos/87542849@N00/4940777372/	2010-08-29
3611465859	Dave Bezaire & Susi Havens-Bezaire	Magnificent Calvings in Endicott Fjord	Attribution-ShareAlike License	http://creativecommons.org/licenses/by-sa/2.0/	http://www.flickr.com/videos/75988799@N00/3611465859/	2009-06-09
7798720764	MrTavis	Margerie Glacier Calving	Attribution License	http://creativecommons.org/licenses/by/2.0/	http://www.flickr.com/videos/47114117@N08/7798720764/	2012-08-16
2712582941	Threat to Democracy	Fred summits a mighty piece of ice in McBride Inlet in Glacier Bay	Attribution License	http://creativecommons.org/licenses/by/2.0/	http://www.flickr.com/videos/16725630@N00/2712582941/	2008-07-29
5891655482	andycarvin	MVI_0034	Attribution-NonCommercial-ShareAlike License	http://creativecommons.org/licenses/by-nc-sa/2.0/	http://www.flickr.com/videos/29465723@N00/5891655482/	2011-07-01
5945562365	lokha	P1170582flagg-640	Attribution-NonCommercial-ShareAlike License	http://creativecommons.org/licenses/by-nc-sa/2.0/	http://www.flickr.com/videos/70177321@N00/5945562365/	2011-07-17
6089732711	lokha	clashes640	Attribution-NonCommercial-ShareAlike License	http://creativecommons.org/licenses/by-nc-sa/2.0/	http://www.flickr.com/videos/70177321@N00/6089732711/	2011-08-12
5946149468	lokha	Flags and patriotic music at Tahrir Square Protests July 8	Attribution-NonCommercial-ShareAlike License	http://creativecommons.org/licenses/by-nc-sa/2.0/	http://www.flickr.com/videos/70177321@N00/5946149468/	2011-07-17
4185967142	Cian O'Donovan	350 Action Movie	Attribution-NonCommercial-ShareAlike License	http://creativecommons.org/licenses/by-nc-sa/2.0/	http://www.flickr.com/videos/40176001@N00/4185967142/	2009-12-14
3405099085	IanMackinnon	G20 Climate Camp - Green Light, No Right Turn	Attribution License	http://creativecommons.org/licenses/by/2.0/	http://www.flickr.com/videos/31465324@N00/3405099085/	2009-04-01
4159904558	ksuyin	March video	Attribution-NonCommercial-ShareAlike License	http://creativecommons.org/licenses/by-nc-sa/2.0/	http://www.flickr.com/videos/96256161@N00/4159904558/	2009-12-05
3775315015	BildungsstreikDresden	PIC00145	Attribution License	http://creativecommons.org/licenses/by/2.0/	http://www.flickr.com/videos/39489059@N07/3775315015/	2009-07-31
5843647473	mia.judkins	Flash mob dance party (video)	Attribution-ShareAlike License	http://creativecommons.org/licenses/by-sa/2.0/	http://www.flickr.com/videos/24537121@N03/5843647473/	2011-06-17
4249456323	librarianidol	Melbourne Flash Mob	Attribution License	http://creativecommons.org/licenses/by/2.0/	http://www.flickr.com/videos/12938647@N00/4249456323/	2010-01-05
5528754752	tabounds	Kim Crowd Dancing	Attribution-NonCommercial License	http://creativecommons.org/licenses/by-nc/2.0/	http://www.flickr.com/videos/84077048@N00/5528754752/	2011-03-14
5067390989	juliemontgomery	Man, @mattandkim were AMAZING at @aclfestival yesterday. Here's Kim dancing on the crowd's hands!	Attribution-NonCommercial-ShareAlike License	http://creativecommons.org/licenses/by-nc-sa/2.0/	http://www.flickr.com/videos/20213633@N00/5067390989/	2010-10-10
11190993433	Hellraz0r	December Sunrise (Timelapse)	Attribution-NonCommercial-ShareAlike License	http://creativecommons.org/licenses/by-nc-sa/2.0/	http://www.flickr.com/videos/88263706@N02/11190993433/	2013-12-03
5816126303	hansenbrian	20110609_Taiwan Sunrise Timelapse	Attribution-NonCommercial-ShareAlike License	http://creativecommons.org/licenses/by-nc-sa/2.0/	http://www.flickr.com/videos/32823446@N00/5816126303/	2011-06-09
9762589832	zachleat	Sunrise Timelapse at Lake Tekapo	Attribution-ShareAlike License	http://creativecommons.org/licenses/by-sa/2.0/	http://www.flickr.com/videos/42833637@N00/9762589832/	2013-09-15
3820215758	killerbass	Sunrise Timelapse	Attribution-NonCommercial License	http://creativecommons.org/licenses/by-nc/2.0/	http://www.flickr.com/videos/29524576@N00/3820215758/	2009-08-09
12011447895	Numinosity (Gary J Wood)	Cabo Sunrise Timelapse	Attribution-ShareAlike License	http://creativecommons.org/licenses/by-sa/2.0/	http://www.flickr.com/videos/37663331@N00/12011447895/	2014-01-18
5765349125	Timmy	So lonely	Attribution-ShareAlike License	http://creativecommons.org/licenses/by-sa/2.0/	http://www.flickr.com/videos/28306058@N00/5765349125/	2011-05-27
2874922508	Stefano Cobucci		Attribution License	http://creativecommons.org/licenses/by/2.0/	http://www.flickr.com/videos/10171260@N00/2874922508/	2008-09-20
3429432757	Fanboy30	Eat Static	Attribution-NonCommercial-ShareAlike License	http://creativecommons.org/licenses/by-nc-sa/2.0/	http://www.flickr.com/videos/76072673@N00/3429432757/	2009-04-10
4350620067	saschapohflepp	Žilvinas Kempinas - White Noise	Attribution License	http://creativecommons.org/licenses/by/2.0/	http://www.flickr.com/videos/33503255@N00/4350620067/	2010-02-12
4183461008	Andreas_MB	Glitch	Attribution-NonCommercial-ShareAlike License	http://creativecommons.org/licenses/by-nc-sa/2.0/	http://www.flickr.com/videos/92494461@N00/4183461008/	2009-12-13
9176269795	russelldavies	spooky glitch	Attribution-NonCommercial License	http://creativecommons.org/licenses/by-nc/2.0/	http://www.flickr.com/videos/75429951@N00/9176269795/	2013-06-26
13948922441	noii's	station sign glitch	Attribution-ShareAlike License	http://creativecommons.org/licenses/by-sa/2.0/	http://www.flickr.com/videos/17306001@N00/13948922441/	2014-04-21
7677842282	Kyle McDonald	headspin-glitch	Attribution License	http://creativecommons.org/licenses/by/2.0/	http://www.flickr.com/videos/28622838@N00/7677842282/	2012-07-30
12822610975	jack_spellingbacon	February 27, 2014 Part large	Attribution License	http://creativecommons.org/licenses/by/2.0/	http://www.flickr.com/videos/13422316@N00/12822610975/	2014-02-27
12186967753	musubk	December 08 Red Aurora	Attribution-NonCommercial-ShareAlike License	http://creativecommons.org/licenses/by-nc-sa/2.0/	http://www.flickr.com/videos/37564545@N04/12186967753/	2014-01-28
12197557034	musubk	25 Dec Diffuse Aurora	Attribution-NonCommercial-ShareAlike License	http://creativecommons.org/licenses/by-nc-sa/2.0/	http://www.flickr.com/videos/37564545@N04/12197557034/	2014-01-28
10624790423	musubk	Timelapse: Toolik aurora	Attribution-NonCommercial-ShareAlike License	http://creativecommons.org/licenses/by-nc-sa/2.0/	http://www.flickr.com/videos/37564545@N04/10624790423/	2013-11-02
10032921375	be808	Star Trails Ewa Beach Hawaii Oahu	Attribution License	http://creativecommons.org/licenses/by/2.0/	http://www.flickr.com/videos/71356546@N04/10032921375/	2013-09-30
13616415655	sjrankin	Down the East Asian Pacific Seaboard at Night	Attribution-NonCommercial License	http://creativecommons.org/licenses/by-nc/2.0/	http://www.flickr.com/videos/24354425@N03/13616415655/	2014-04-03
4162321413	OiMax	Blue lights, White Tree	Attribution License	http://creativecommons.org/licenses/by/2.0/	http://www.flickr.com/videos/72396314@N00/4162321413/	2009-12-06
2491659756	-Marlith-	San Francisco at Night	Attribution License	http://creativecommons.org/licenses/by/2.0/	http://www.flickr.com/videos/22419112@N08/2491659756/	2008-05-13
9468141943	bossco	silvefire night timelapse	Attribution-ShareAlike License	http://creativecommons.org/licenses/by-sa/2.0/	http://www.flickr.com/videos/43521640@N00/9468141943/	2013-08-08
6198076084	terryballard	Wall Street during week of protests	Attribution License	http://creativecommons.org/licenses/by/2.0/	http://www.flickr.com/videos/50631360@N00/6198076084/	2011-09-30
11383768246	Clay Gilliland	Chernobyl	Attribution-ShareAlike License	http://creativecommons.org/licenses/by-sa/2.0/	http://www.flickr.com/videos/26781577@N07/11383768246/	2013-09-06
5867249767	David Holt London	chernobyl ukraine june 19 2011 view of reactor 4	Attribution-ShareAlike License	http://creativecommons.org/licenses/by-sa/2.0/	http://www.flickr.com/videos/12982516@N02/5867249767/	2011-06-24
3772095704	Arttu Silvast	"A Walk in The ""amusement park"""	Attribution-NonCommercial-ShareAlike License	http://creativecommons.org/licenses/by-nc-sa/2.0/	http://www.flickr.com/videos/30673058@N00/3772095704/	2009-07-30
5561696324	spoxx	MUNICH, 2011-03-26 anti nuclear demonstration	Attribution-ShareAlike License	http://creativecommons.org/licenses/by-sa/2.0/	http://www.flickr.com/videos/28712797@N03/5561696324/	2011-03-26
11384496593	Clay Gilliland	Robots used during the Chernobyl cleanup	Attribution-ShareAlike License	http://creativecommons.org/licenses/by-sa/2.0/	http://www.flickr.com/videos/26781577@N07/11384496593/	2013-09-06
5657225404	1541	window seat	Attribution-NonCommercial-ShareAlike License	http://creativecommons.org/licenses/by-nc-sa/2.0/	http://www.flickr.com/videos/44124450615@N01/5657225404/	2011-04-26
5381780516	Jacob Davies	window seat	Attribution-ShareAlike License	http://creativecommons.org/licenses/by-sa/2.0/	http://www.flickr.com/videos/95792332@N00/5381780516/	2011-01-23
3006833942	kyle.rw	"""Yes We Can"""	Attribution-NonCommercial-ShareAlike License	http://creativecommons.org/licenses/by-nc-sa/2.0/	http://www.flickr.com/videos/41894159004@N01/3006833942/	2008-11-05
3001551731	voteprime	Obama speaks	Attribution-NonCommercial-ShareAlike License	http://creativecommons.org/licenses/by-nc-sa/2.0/	http://www.flickr.com/videos/91317579@N00/3001551731/	2008-11-04
3210622882	KCIvey	Snippet of Obama's speech and view of the crowd, inaugural opening celebration	Attribution-NonCommercial-ShareAlike License	http://creativecommons.org/licenses/by-nc-sa/2.0/	http://www.flickr.com/videos/17218700@N00/3210622882/	2009-01-19
