# photoid	act	hint_s	note
6346396819	II	4	OWS tear gas kitchen, blue light, chaos (BY)
6310970027	IV	1	Oakland general strike, huge crowd (BY-NC-SA)
6245395040	IV	6	Zuccotti crowd, flag
6244952943	IV	7	OWS drummers + flags
6232956397	IV	5	OWS drum circle, B&W (BY)
7015855399	II	12	OWS #N15 night eviction chaos
6246401595	IV	8	OWS march with signs (BY-SA)
6366911837	IV	15	N17 march, flags, police
6349408051	II	8	NYPD SkyWatch surveillance tower at Zuccotti (surveillance motif)
7020043399	IV	1	Trayvon Martin protest LA, 'fight for justice' signs
5459685842	IV	24	Wisconsin capitol protest crowd 2011
5524734267	IV	1	Wisconsin capitol crowd, flag
4578194188	IV	8	Thailand red shirts, sea of red (BY)
3014603165	II	3	Prop 8 protest night, green light
5562109516	II	14	London riot police line, hi-vis (BY-NC)
2824642815	II	23	RNC 2008 riot police line
3948950927	II	12	G20 Pittsburgh night, blur (BY-SA)
3949695194	II	37	G20 Pittsburgh protesters vs riot police (BY-SA)
4777752861	II	11	Oakland: older woman breaking police line (BY-SA)
3182090365	II	17	Greece riot police (BY)
4405279512	I	6	London Bridge commuter crush from above (BY-SA)
4179439574	I	38	London crush-hour escalator
5223439872	I	3	Snow, angry commuters, platform at night (BY)
4068988572	I	12	news on a station TV screen, commuters (BY)
4362591336	I	7	DC metro escalator crowd silhouettes (BY)
5278933106	I	22	vertical escalator shot (BY)
2624792535	I	20	Paddington commuters
5307652950	IV	17	Brighton pier starlings murmuration
8353732587	IV	57	Oxford murmuration shape at dusk
8353736337	IV	56	Oxford murmuration
3263941303	IV	15	starlings over sea at sunset, golden (Brighton)
6212557936	IV	5	starlings, Kings Cross sunset, cranes
12546612644	I	32	person on couch in dim room, TV glow (lonely)
6935544913	I	13	baby staring at TV, face lit by screen
5195909261	I	38	toddler staring at TV (BY)
5210365830	I	3	iPad news in the dark (BY-SA)
4291884957	I	4	CNN weather: satellite map on a TV
9473414609	III	2	datacenter racks, blinking LEDs
4367522800	III	25	cluster cabling, blue
2400616314	III	2	CERN server racks, loud fans
5486920308	III	2	server blue LEDs 'blinkies'
2832638583	III	8	datacenter at night, blue lights (BY)
6455164539	III	22	4-year-old looks up at humanoid robot (BY-SA) *key*
3420398271	III	46	ASIMO alone in spotlight, dark stage (BY)
5002819235	I	9	ASIMO dances (absurd)
2438589072	I	8	HRP-2 humanoid dancing at trade fair
5915407619	II	20	STS-135 final shuttle launch through trees
3526545385	II	21	Atlantis launch, smoke (BY)
4340515506	II	8	night launch, flame in darkness (BY) 'their plan is to leave'
5500290229	II	20	crowd watching launch, faces (BY)
12954705905	II	13	rocket spiral contrail, blue sky
4620561988	II	2	house fire, black smoke column (BY-SA)
3540395513	II	9	house engulfed in flames, fire truck (BY) 'the house is on fire'
6766537533	II	13	forest fire smoke over horizon, apocalyptic sky (BY)
3365526041	II	25	flames close-up texture
4056113437	II	68	structure burning at night (BY)
6089783399	II	6	Irene flood, raging brown water (BY)
6090361718	II	11	flooded park (BY)
6088786258	II	3	storm through a window, thrashing leaves (BY)
5730974711	IV	13	candlelight vigil, faces lit warm (BY-SA)
4180720827	IV	10	COP15 climate vigil Copenhagen, candles in dark
3248422425	II	8	Hiroshima A-bomb dome at night, candles (memory of the bomb)
2746906825	IV	82	candle close-up, hands (Taipei vigil for Tibet)
3593873307	IV	10	June 4 Tiananmen vigil, candles (BY)
8669531576	IV	21	Pingxi: thousands of sky lanterns rising (BY-SA) *finale*
4412981751	IV	9	field of lanterns like dots in the dark
12742763385	IV	3	Chiang Mai lantern release at temple (BY)
3524650222	IV	5	baby laughing, close face (BY-SA) the future
9276370767	IV	3	toddler pure joy on grass (BY-SA)
2654317769	IV	2	refugee kids running down a street (BY-SA)
3741622921	I	39	child alone in hedge maze (metaphor)
5840994653	IV	6	sea otters holding hands (so they don't drift apart)
5314533385	IV	52	toddler holds baby's hand, singing (BY-SA)
3576901599	IV	6	cousins holding hands
8214866621	I	12	Times Square 2012 election spectacle, crowd under CNN screens (BY)
2471996931	I	6	Times Square night billboards (BY-SA)
6268503929	I	3	Tokyo: billboard trucks with music, absurd ads
5199658997	I	6	London tube animated billboards
7173839884	I	20	Las Vegas tilt-shift, toy city of excess
3063634893	I	21	driving into Vegas in rain, neon through wet glass (BY-SA)
3387808333	I	28	baby behind playpen fence (titled 'Gated Community')
8644875894	I	12	red Hummer stretch limo, Times Square
9654010649	II	12	military parade + leaders on a wall TV (BY)
9654015815	II	5	tanks roll past crowd (BY)
9654018151	II	1	missile launcher truck rolls by (BY)
9657258526	II	3	soldiers in truck, crowd with flowers, red balloon (BY) eerie
5120967491	II	1	fighter jets buzzing overhead (BY)
2659993604	II	6	wall of CCTV monitors (BY) 'surveillance society'
7921677858	II	3	security camera monitors (BY)
10713646755	IV	16	Stop Watching Us rally, 'STOP MASS SPYING' signs, DC (BY)
10713728774	IV	16	anti-surveillance rally signs, Capitol (BY)
8551365486	II	4	airport in thick smog, Shanghai (BY)
2617708569	IV	37	smokestack implosion, crowd watches it fall
2445595572	II	37	storm clouds time-lapse over smokestack (BY)
3761192430	III	8	dam turbine hall, machine scale
5185793592	II	3	people holding black balloons (pollution) (BY-SA)
8212778882	IV	6	Walmart workers' Black Friday protest 2012
7374162260	I	41	sharks in a shopping-mall aquarium (BY) absurd
6447898063	I	4	woman firing a .45 on Black Friday (BY) americana
5058934269	I	11	mile-long mall, consumer blur
4698724639	I	12	kid in car seat staring out window (BY)
4816384100	I	7	donut conveyor assembly line (BY)
4935564061	I	15	car assembly line (BY-SA)
4774772120	I	3	abandoned Detroit factory, trees growing through
8546876695	I	14	Shenzhen factory workers start the day, time-lapse
4940777372	II	40	glacier wall collapses into sea, blue (BY)
3611465859	II	22	glacier calving, Endicott Fjord (BY-SA)
7798720764	II	11	Margerie glacier calving (BY)
2712582941	IV	22	lone figure standing on an ice floe at blue dusk (BY)
5891655482	IV	12	Tahrir 2011, crowd with flags
5945562365	IV	12	Tahrir night, giant flag carried over crowd
6089732711	IV	6	Tahrir night crowd
5946149468	IV	12	Tahrir, people on monument with flags
4185967142	IV	1	'350' spelled in candles, Copenhagen (climate)
3405099085	IV	22	G20 climate camp London night, orange light, banners (BY)
4159904558	IV	20	climate march seen from above, Auckland
3775315015	II	2	die-in: bodies lying on a plaza (BY)
5843647473	IV	4	night dance flash mob, orange lights (BY-SA)
4249456323	IV	24	huge crowd, arms up (BY)
5528754752	IV	8	crowd surfing, held up by hands (BY-NC)
5067390989	IV	8	crowd surfing in red light
11190993433	IV	3	violent red-violet sunrise time-lapse
5816126303	IV	9	Taipei golden sunrise time-lapse
9762589832	IV	9	Lake Tekapo sunrise sunburst (BY-SA)
3820215758	IV	48	sunrise over beach, silhouettes
12011447895	IV	12	Cabo sunrise time-lapse (BY-SA)
5765349125	I	16	empty office cubicles (BY-SA)
2874922508	I	46	night drive, red tail lights, dashboard green (BY)
3429432757	I	21	TV static (texture)
4350620067	I	4	white noise lines (BY)
4183461008	III	4	datamosh glitch
9176269795	III	32	TV glitching a face
13948922441	III	2	station departure board glitching (BY-SA)
7677842282	III	3	3D head breaking apart (BY) machine face
12822610975	IV	28	aurora over a cottage, Scotland (BY) awe
12186967753	IV	80	all-sky aurora fisheye: a glowing sphere in black (dot motif)
12197557034	IV	52	all-sky aurora sphere, green
10624790423	IV	8	aurora curtains time-lapse
10032921375	IV	5	star trails over Hawaii (BY)
13616415655	III	14	ISS: city lights of East Asia at night from orbit
4162321413	IV	2	field of blue LED lights, Tokyo (BY) many blue dots
2491659756	I	3	San Francisco at night from above (BY)
9468141943	II	6	wildfire burning on mountain at night (BY-SA)
6198076084	II	52	NYSE facade behind barricades, 2011 (BY)
11383768246	II	9	Chernobyl reactor and the new confinement arch (BY-SA)
5867249767	II	50	Geiger counter reading at Chernobyl (BY-SA)
3772095704	II	82	Pripyat: abandoned amusement park, ferris wheel
5561696324	IV	27	anti-nuclear march after Fukushima, Munich (BY-SA)
11384496593	III	7	robots from the Chernobyl cleanup, radiation sign (BY-SA)
5657225404	IV	50	plane window at altitude, dark blue sky, sun flare
5381780516	IV	23	baby looking out a window (BY-SA)
3006833942	IV	3	'yes we can' rally: blinding light, raised hands (anonymous crowd)
3001551731	IV	11	rally at night, blue lights, phones raised
3210622882	I	21	inauguration crowd watching a giant screen, 2009
